isin,name,country,currency,mic,market_segment,yahoo,sector,shares_out_millions,list_date,status,status_date,status_detail
SVOL-A.ST,Svolder AB,SE,SEK,XSTO,main,SVOL-A.ST,,4.9826,2015-01-01,listed,,
MIPS.ST,Mips AB,SE,SEK,XSTO,main,MIPS.ST,,26.4911,2015-01-01,listed,,
ACAD.ST,AcadeMedia AB,SE,SEK,XSTO,main,ACAD.ST,,95.8662,2015-01-01,listed,,
SLP-B.ST,Swedish Logistic Property AB,SE,SEK,XSTO,main,SLP-B.ST,,243.4017,2015-01-01,listed,,
SCST.ST,Scandi Standard AB,SE,SEK,XSTO,main,SCST.ST,,65.795,2015-01-01,listed,,
HANZA.ST,Hanza AB,SE,SEK,XSTO,main,HANZA.ST,,62.7413,2015-01-01,listed,,
LIAB.ST,Lindab International AB,SE,SEK,XSTO,main,LIAB.ST,,77.0359,2015-01-01,listed,,
SDIP-B.ST,Sdiptech AB,SE,SEK,XSTO,main,SDIP-B.ST,,37.4919,2015-01-01,listed,,
INTEA-D.ST,Intea Fastigheter AB,SE,SEK,XSTO,main,INTEA-D.ST,,75.0723,2015-01-01,listed,,
TROAX.ST,Troax Group AB,SE,SEK,XSTO,main,TROAX.ST,,59.8453,2015-01-01,listed,,
STORY-B.ST,Storytel AB,SE,SEK,XSTO,main,STORY-B.ST,,76.9534,2015-01-01,listed,,
DIOS.ST,Diös Fastigheter AB,SE,SEK,XSTO,main,DIOS.ST,,138.9157,2015-01-01,listed,,
SIVE.ST,Sivers Semiconductors AB,SE,SEK,XSTO,main,SIVE.ST,,295.4185,2015-01-01,listed,,
HTRO.ST,Hexatronic Group AB,SE,SEK,XSTO,main,HTRO.ST,,220.8924,2015-01-01,listed,,
BOOZT.ST,Boozt AB,SE,SEK,XSTO,main,BOOZT.ST,,58.3028,2015-01-01,listed,,
YUBICO.ST,Yubico AB,SE,SEK,XSTO,main,YUBICO.ST,,85.7722,2015-01-01,listed,,
PLAZ-B.ST,Platzer Fastigheter Holding AB,SE,SEK,XSTO,main,PLAZ-B.ST,,97.1891,2015-01-01,listed,,
APOTEA.ST,Apotea AB,SE,SEK,XSTO,main,APOTEA.ST,,104.071,2015-01-01,listed,,
MCAP.ST,MedCap AB,SE,SEK,XSTO,main,MCAP.ST,,14.9757,2015-01-01,listed,,
JM.ST,JM AB,SE,SEK,XSTO,main,JM.ST,,64.5048,2015-01-01,listed,,
FPAR-A.ST,FastPartner AB,SE,SEK,XSTO,main,FPAR-A.ST,,175.1172,2015-01-01,listed,,
VBG-B.ST,VBG Group AB,SE,SEK,XSTO,main,VBG-B.ST,,22.564,2015-01-01,listed,,
XVIVO.ST,Xvivo Perfusion AB,SE,SEK,XSTO,main,XVIVO.ST,,31.4995,2015-01-01,listed,,
ARJO-B.ST,Arjo AB,SE,SEK,XSTO,main,ARJO-B.ST,,254.1524,2015-01-01,listed,,
DYVOX.ST,Dynavox Group AB,SE,SEK,XSTO,main,DYVOX.ST,,106.0653,2015-01-01,listed,,
SYNSAM.ST,Synsam AB,SE,SEK,XSTO,main,SYNSAM.ST,,140.9041,2015-01-01,listed,,
KAR.ST,Karnov Group AB,SE,SEK,XSTO,main,KAR.ST,,96.0991,2015-01-01,listed,,
VISC.ST,Gruvaktiebolaget Viscaria,SE,SEK,XSTO,main,VISC.ST,,384.5451,2015-01-01,listed,,
BERG-B.ST,Bergman & Beving AB,SE,SEK,XSTO,main,BERG-B.ST,,25.6507,2015-01-01,listed,,
TRUE-B.ST,Truecaller AB,SE,SEK,XSTO,main,TRUE-B.ST,,259.8349,2015-01-01,listed,,
DOM.ST,Dometic Group AB,SE,SEK,XSTO,main,DOM.ST,,319.5,2015-01-01,listed,,
BETCO.ST,Better Collective A/S,SE,SEK,XSTO,main,BETCO.ST,,56.8421,2015-01-01,listed,,
MMGR-B.ST,Momentum Group AB,SE,SEK,XSTO,main,MMGR-B.ST,,48.8726,2015-01-01,listed,,
HEM.ST,Hemnet Group AB,SE,SEK,XSTO,main,HEM.ST,,84.3797,2015-01-01,listed,,
LOGI-B.ST,Logistea AB,SE,SEK,XSTO,main,LOGI-B.ST,,510.7999,2015-01-01,listed,,
ALLIGO-B.ST,Alligo AB,SE,SEK,XSTO,main,ALLIGO-B.ST,,49.5256,2015-01-01,listed,,
ORES.ST,Investment AB Öresund,SE,SEK,XSTO,main,ORES.ST,,44.5709,2015-01-01,listed,,
GOTL-A.ST,Rederiaktiebolaget Gotland,SE,SEK,XSTO,main,GOTL-A.ST,,18.1169,2015-01-01,listed,,
ANOD-B.ST,Addnode Group AB,SE,SEK,XSTO,main,ANOD-B.ST,,131.6067,2015-01-01,listed,,
BAHN-B.ST,Bahnhof AB,SE,SEK,XSTO,main,BAHN-B.ST,,77.5651,2015-01-01,listed,,
ACAST.ST,Acast AB,SE,SEK,XSTO,main,ACAST.ST,,182.4653,2015-01-01,listed,,
VPLAY-B.ST,Viaplay Group AB,SE,SEK,XSTO,main,VPLAY-B.ST,,4530.28,2015-01-01,listed,,
GOTL-B.ST,Rederiaktiebolaget Gotland,SE,SEK,XSTO,main,GOTL-B.ST,,6.8831,2015-01-01,listed,,
SVOL-B.ST,Svolder AB,SE,SEK,XSTO,main,SVOL-B.ST,,97.4174,2015-01-01,listed,,
SVEAF.ST,Sveafastigheter AB,SE,SEK,XSTO,main,SVEAF.ST,,197.3498,2015-01-01,listed,,
EMIL-B.ST,Fastighetsbolaget Emilshus AB,SE,SEK,XSTO,main,EMIL-B.ST,,115.5354,2015-01-01,listed,,
GSKR-SDB.ST,Goldsky Resources Corp.,SE,SEK,XSTO,main,GSKR-SDB.ST,,267.0992,2015-01-01,listed,,
SBB-B.ST,Samhällsbyggnadsbolaget i Norden AB,SE,SEK,XSTO,main,SBB-B.ST,,1409.2001,2015-01-01,listed,,
STEF-B.ST,Stendörren Fastigheter AB,SE,SEK,XSTO,main,STEF-B.ST,,30.1431,2015-01-01,listed,,
RVRC.ST,RVRC Holding AB,SE,SEK,XSTO,main,RVRC.ST,,104.5962,2015-01-01,listed,,
KARNEL-B.ST,Karnell Group AB,SE,SEK,XSTO,main,KARNEL-B.ST,,47.2365,2015-01-01,listed,,
ZZ-B.ST,Zinzino AB,SE,SEK,XSTO,main,ZZ-B.ST,,34.286,2015-01-01,listed,,
RAY-B.ST,RaySearch Laboratories AB,SE,SEK,XSTO,main,RAY-B.ST,,29.8039,2015-01-01,listed,,
NYAB.ST,Nyab AB,SE,SEK,XSTO,main,NYAB.ST,,711.7386,2015-01-01,listed,,
MORROW.ST,Morrow Bank AB,SE,SEK,XSTO,main,MORROW.ST,,316.1002,2015-01-01,listed,,
SALIX.ST,Salix Group AB,SE,SEK,XSTO,main,SALIX.ST,,81.6249,2015-01-01,listed,,
NOTE.ST,NOTE AB,SE,SEK,XSTO,main,NOTE.ST,,28.5486,2015-01-01,listed,,
COOR.ST,Coor Service Management Holding AB,SE,SEK,XSTO,main,COOR.ST,,95.0179,2015-01-01,listed,,
KAMBI.ST,Kambi Group plc,SE,SEK,XSTO,main,KAMBI.ST,,26.2043,2015-01-01,listed,,
EPEN.ST,Ependion AB,SE,SEK,XSTO,main,EPEN.ST,,32.0537,2015-01-01,listed,,
FMM-B.ST,FM Mattsson AB,SE,SEK,XSTO,main,FMM-B.ST,,36.2414,2015-01-01,listed,,
NMAN.ST,Nederman Holding AB,SE,SEK,XSTO,main,NMAN.ST,,35.042,2015-01-01,listed,,
ITAB.ST,ITAB Group AB,SE,SEK,XSTO,main,ITAB.ST,,255.2755,2015-01-01,listed,,
HAYPP.ST,Haypp Group AB,SE,SEK,XSTO,main,HAYPP.ST,,31.1257,2015-01-01,listed,,
COFFEE-B.ST,Coffee Stain Group AB,SE,SEK,XSTO,main,COFFEE-B.ST,,214.1977,2015-01-01,listed,,
EAST.ST,Eastnine AB,SE,SEK,XSTO,main,EAST.ST,,97.7741,2015-01-01,listed,,
FLAT-B.ST,Flat Capital AB,SE,SEK,XSTO,main,FLAT-B.ST,,357.1656,2015-01-01,listed,,
PRISMA.ST,Prisma Properties AB,SE,SEK,XSTO,main,PRISMA.ST,,163.4176,2015-01-01,listed,,
CORE-A.ST,Corem Property Group AB,SE,SEK,XSTO,main,CORE-A.ST,,90.2104,2015-01-01,listed,,
JOMA.ST,John Mattson Fastighetsföretagen AB,SE,SEK,XSTO,main,JOMA.ST,,74.0894,2015-01-01,listed,,
OVZON.ST,Ovzon AB,SE,SEK,XSTO,main,OVZON.ST,,111.5305,2015-01-01,listed,,
LINC.ST,Linc AB,SE,SEK,XSTO,main,LINC.ST,,57.862,2015-01-01,listed,,
MEKO.ST,Meko AB,SE,SEK,XSTO,main,MEKO.ST,,56.3328,2015-01-01,listed,,
SNM-SDB.ST,ShaMaran Petroleum Ltd.,SE,SEK,XSTO,main,SNM-SDB.ST,,2887.5043,2015-01-01,listed,,
SFAST.ST,Stenhus Fastigheter i Norden AB,SE,SEK,XSTO,main,SFAST.ST,,332.0577,2015-01-01,listed,,
BTS-B.ST,BTS Group AB,SE,SEK,XSTO,main,BTS-B.ST,,18.543,2015-01-01,listed,,
CEVI.ST,CellaVision AB,SE,SEK,XSTO,main,CEVI.ST,,23.8515,2015-01-01,listed,,
TRAC-B.ST,AB Traction,SE,SEK,XSTO,main,TRAC-B.ST,,12.9243,2015-01-01,listed,,
ENITY.ST,Enity Holding AB,SE,SEK,XSTO,main,ENITY.ST,,50.0,2015-01-01,listed,,
HEBA-B.ST,Heba Fastighets AB,SE,SEK,XSTO,main,HEBA-B.ST,,139.3099,2015-01-01,listed,,
HNSA.ST,Hansa Biopharma AB,SE,SEK,XSTO,main,HNSA.ST,,99.734,2015-01-01,listed,,
SF.ST,Stillfront Group AB,SE,SEK,XSTO,main,SF.ST,,514.9871,2015-01-01,listed,,
EGTX.ST,Egetis Therapeutics AB,SE,SEK,XSTO,main,EGTX.ST,,464.9472,2015-01-01,listed,,
DUNI.ST,Duni AB,SE,SEK,XSTO,main,DUNI.ST,,46.999,2015-01-01,listed,,
SECARE.ST,Swedencare AB,SE,SEK,XSTO,main,SECARE.ST,,159.841,2015-01-01,listed,,
IDUN-B.ST,Idun Industrier AB,SE,SEK,XSTO,main,IDUN-B.ST,,8.4021,2015-01-01,listed,,
BHG.ST,BHG Group AB,SE,SEK,XSTO,main,BHG.ST,,179.4216,2015-01-01,listed,,
PACT.ST,Proact IT Group AB,SE,SEK,XSTO,main,PACT.ST,,25.2559,2015-01-01,listed,,
REJL-B.ST,Rejlers AB,SE,SEK,XSTO,main,REJL-B.ST,,21.0863,2015-01-01,listed,,
VIVA.ST,Viva Wine Group AB,SE,SEK,XSTO,main,VIVA.ST,,89.6319,2015-01-01,listed,,
NIVI-B.ST,Nivika Fastigheter AB,SE,SEK,XSTO,main,NIVI-B.ST,,68.7108,2015-01-01,listed,,
NREST.ST,Nordrest Holding AB,SE,SEK,XSTO,main,NREST.ST,,12.7259,2015-01-01,listed,,
HUM.ST,Humana AB,SE,SEK,XSTO,main,HUM.ST,,47.5211,2015-01-01,listed,,
FOI-B.ST,Fenix Outdoor International AG,SE,SEK,XSTO,main,FOI-B.ST,,11.0535,2015-01-01,listed,,
LIME.ST,Lime Technologies AB,SE,SEK,XSTO,main,LIME.ST,,13.3248,2015-01-01,listed,,
TRIAN-B.ST,Fastighets AB Trianon,SE,SEK,XSTO,main,TRIAN-B.ST,,184.3747,2015-01-01,listed,,
TEQ.ST,Teqnion AB,SE,SEK,XSTO,main,TEQ.ST,,17.1658,2015-01-01,listed,,
BESQAB.ST,Besqab AB,SE,SEK,XSTO,main,BESQAB.ST,,113.8879,2015-01-01,listed,,
BMAX.ST,Byggmax Group AB,SE,SEK,XSTO,main,BMAX.ST,,58.625,2015-01-01,listed,,
FAG.ST,Fagerhult Group AB,SE,SEK,XSTO,main,FAG.ST,,176.3324,2015-01-01,listed,,
SVED-B.ST,Svedbergs Group AB,SE,SEK,XSTO,main,SVED-B.ST,,53.3237,2015-01-01,listed,,
XANO-B.ST,XANO Industri AB,SE,SEK,XSTO,main,XANO-B.ST,,44.733,2015-01-01,listed,,
CORE-B.ST,Corem Property Group AB,SE,SEK,XSTO,main,CORE-B.ST,,1138.7502,2015-01-01,listed,,
BONAV-B.ST,Bonava AB,SE,SEK,XSTO,main,BONAV-B.ST,,292.172,2015-01-01,listed,,
BONAV-A.ST,Bonava AB,SE,SEK,XSTO,main,BONAV-A.ST,,29.4486,2015-01-01,listed,,
VICO.ST,Vicore Pharma Holding AB,SE,SEK,XSTO,main,VICO.ST,,281.5256,2015-01-01,listed,,
ALM-PREF.ST,ALM Equity AB,SE,SEK,XSTO,main,ALM-PREF.ST,,15.9089,2015-01-01,listed,,
BRIN-B.ST,Brinova Fastigheter AB,SE,SEK,XSTO,main,BRIN-B.ST,,185.0173,2015-01-01,listed,,
KFAST-B.ST,K-Fast Holding AB,SE,SEK,XSTO,main,KFAST-B.ST,,223.4932,2015-01-01,listed,,
NEOBO.ST,Neobo Fastigheter AB,SE,SEK,XSTO,main,NEOBO.ST,,139.4511,2015-01-01,listed,,
KNOW.ST,Knowit AB,SE,SEK,XSTO,main,KNOW.ST,,27.2376,2015-01-01,listed,,
SUS.ST,Surgical Science Sweden AB,SE,SEK,XSTO,main,SUS.ST,,51.0262,2015-01-01,listed,,
KEOC.ST,Keo Capital AB,SE,SEK,XSTO,main,KEOC.ST,,349.8449,2015-01-01,listed,,
KBC.ST,KB Components AB,SE,SEK,XSTO,main,KBC.ST,,56.0,2015-01-01,listed,,
HUMBLE.ST,Humble Group AB,SE,SEK,XSTO,main,HUMBLE.ST,,449.364,2015-01-01,listed,,
ARENIT-SDB.ST,Arenit Industrie SE,SE,SEK,XSTO,main,ARENIT-SDB.ST,,23.8442,2015-01-01,listed,,
VNV.ST,VNV Global AB,SE,SEK,XSTO,main,VNV.ST,,128.0066,2015-01-01,listed,,
ABSO.ST,Absolent Air Care Group AB,SE,SEK,XSTO,main,ABSO.ST,,11.321,2015-01-01,listed,,
VER.ST,Verve Group Media SE,SE,SEK,XSTO,main,VER.ST,,200.1165,2015-01-01,listed,,
ELTEL.ST,Eltel AB,SE,SEK,XSTO,main,ELTEL.ST,,156.7368,2015-01-01,listed,,
SMCRT.ST,SmartCraft Group AB,SE,SEK,XSTO,main,SMCRT.ST,,162.5434,2015-01-01,listed,,
DUST.ST,Dustin Group AB,SE,SEK,XSTO,main,DUST.ST,,1357.4841,2015-01-01,listed,,
AGROUP.ST,Arlandastad Group AB,SE,SEK,XSTO,main,AGROUP.ST,,63.2556,2015-01-01,listed,,
ORRON.ST,Orrön Energy AB,SE,SEK,XSTO,main,ORRON.ST,,285.9052,2015-01-01,listed,,
VOLO.ST,Volati AB,SE,SEK,XSTO,main,VOLO.ST,,79.4066,2015-01-01,listed,,
STIL.ST,Stille AB,SE,SEK,XSTO,main,STIL.ST,,8.9854,2015-01-01,listed,,
NOBI.ST,Nobia AB,SE,SEK,XSTO,main,NOBI.ST,,151.4275,2015-01-01,listed,,
KABE-B.ST,KABE Group AB (publ.),SE,SEK,XSTO,main,KABE-B.ST,,8.4,2015-01-01,listed,,
SEYE.ST,Smart Eye AB,SE,SEK,XSTO,main,SEYE.ST,,39.1988,2015-01-01,listed,,
KLARA-B.ST,KlaraBo Sverige AB,SE,SEK,XSTO,main,KLARA-B.ST,,133.9929,2015-01-01,listed,,
VSSAB-B.ST,Viking Supply Ships AB,SE,SEK,XSTO,main,VSSAB-B.ST,,12.5337,2015-01-01,listed,,
VERT-B.ST,Vertiseit AB,SE,SEK,XSTO,main,VERT-B.ST,,31.1969,2015-01-01,listed,,
SFAB.ST,Solid Försäkringsaktiebolag,SE,SEK,XSTO,main,SFAB.ST,,17.6115,2015-01-01,listed,,
VEFAB.ST,VEF AB,SE,SEK,XSTO,main,VEFAB.ST,,1016.7637,2015-01-01,listed,,
SVIK.ST,Studsvik AB,SE,SEK,XSTO,main,SVIK.ST,,8.3436,2015-01-01,listed,,
GOMX.ST,GomSpace Group AB,SE,SEK,XSTO,main,GOMX.ST,,173.5225,2015-01-01,listed,,
LUC.ST,Lucara Diamond Corp.,SE,SEK,XSTO,main,LUC.ST,,1492.9522,2015-01-01,listed,,
CARA.ST,Carasent AB,SE,SEK,XSTO,main,CARA.ST,,66.8543,2015-01-01,listed,,
WSG.ST,WS WeSports Group AB,SE,SEK,XSTO,main,WSG.ST,,27.8175,2015-01-01,listed,,
GPG.ST,Genova Property Group AB,SE,SEK,XSTO,main,GPG.ST,,46.2388,2015-01-01,listed,,
ELAN-B.ST,Elanders AB,SE,SEK,XSTO,main,ELAN-B.ST,,33.5429,2015-01-01,listed,,
MSAB-B.ST,Micro Systemation AB,SE,SEK,XSTO,main,MSAB-B.ST,,17.4684,2015-01-01,listed,,
CTT.ST,CTT Systems AB,SE,SEK,XSTO,main,CTT.ST,,12.3885,2015-01-01,listed,,
SIVI.ST,Siljansvik AB,SE,SEK,XSTO,main,SIVI.ST,,13.751,2015-01-01,listed,,
CLAV.ST,Clavister Holding AB (publ.),SE,SEK,XSTO,main,CLAV.ST,,371.4265,2015-01-01,listed,,
EXS.ST,Exsitec Holding AB,SE,SEK,XSTO,main,EXS.ST,,13.4299,2015-01-01,listed,,
BYGGP.ST,ByggPartner Gruppen AB,SE,SEK,XSTO,main,BYGGP.ST,,45.3424,2015-01-01,listed,,
INISS-B.ST,Inission AB,SE,SEK,XSTO,main,INISS-B.ST,,20.6741,2015-01-01,listed,,
CAT-B.ST,Catella AB,SE,SEK,XSTO,main,CAT-B.ST,,83.4807,2015-01-01,listed,,
BICO.ST,BICO Group AB,SE,SEK,XSTO,main,BICO.ST,,69.0749,2015-01-01,listed,,
MSON-B.ST,Midsona AB,SE,SEK,XSTO,main,MSON-B.ST,,145.0043,2015-01-01,listed,,
KJELL.ST,Kjell Group AB,SE,SEK,XSTO,main,KJELL.ST,,95.3367,2015-01-01,listed,,
CYNCA.ST,Cynca Nordic AB,SE,SEK,XSTO,main,CYNCA.ST,,375.8095,2015-01-01,listed,,
CAT-A.ST,Catella AB,SE,SEK,XSTO,main,CAT-A.ST,,2.3394,2015-01-01,listed,,
FLERIE.ST,Flerie AB,SE,SEK,XSTO,main,FLERIE.ST,,86.6977,2015-01-01,listed,,
AJA-B.ST,Byggmästare Anders J Ahlström Holding AB,SE,SEK,XSTO,main,AJA-B.ST,,25.9072,2015-01-01,listed,,
CHEF.ST,Cheffelo AB,SE,SEK,XSTO,main,CHEF.ST,,13.0204,2015-01-01,listed,,
BINV.ST,BioInvent International AB,SE,SEK,XSTO,main,BINV.ST,,65.8044,2015-01-01,listed,,
CRNO-B.ST,Cereno Scientific AB,SE,SEK,XSTO,main,CRNO-B.ST,,311.3651,2015-01-01,listed,,
FNM.ST,Ferronordic AB,SE,SEK,XSTO,main,FNM.ST,,14.5324,2015-01-01,listed,,
FG.ST,Fasadgruppen Group AB,SE,SEK,XSTO,main,FG.ST,,87.2915,2015-01-01,listed,,
EG7.ST,Enad Global 7 AB,SE,SEK,XSTO,main,EG7.ST,,88.6035,2015-01-01,listed,,
ALM.ST,ALM Equity AB,SE,SEK,XSTO,main,ALM.ST,,16.5917,2015-01-01,listed,,
BORG.ST,Björn Borg AB,SE,SEK,XSTO,main,BORG.ST,,25.2014,2015-01-01,listed,,
ELLOS.ST,Ellos Holding AB,SE,SEK,XSTO,main,ELLOS.ST,,24.7472,2015-01-01,listed,,
LOGIST-A.ST,Logistri Fastighets AB,SE,SEK,XSTO,main,LOGIST-A.ST,,7.335,2015-01-01,listed,,
BULTEN.ST,Bulten AB,SE,SEK,XSTO,main,BULTEN.ST,,20.988,2015-01-01,listed,,
SANION.ST,Saniona AB,SE,SEK,XSTO,main,SANION.ST,,138.0301,2015-01-01,listed,,
RUG.ST,RugVista Group AB,SE,SEK,XSTO,main,RUG.ST,,20.7851,2015-01-01,listed,,
PAX.ST,Paxman AB,SE,SEK,XSTO,main,PAX.ST,,23.2734,2015-01-01,listed,,
GENO.ST,Genovis AB (publ.),SE,SEK,XSTO,main,GENO.ST,,67.4584,2015-01-01,listed,,
BERNER-B.ST,Berner Industrier AB,SE,SEK,XSTO,main,BERNER-B.ST,,17.8194,2015-01-01,listed,,
LEA.ST,Lea Bank AB,SE,SEK,XSTO,main,LEA.ST,,96.7822,2015-01-01,listed,,
ANNE-B.ST,Annehem Fastigheter AB,SE,SEK,XSTO,main,ANNE-B.ST,,72.0203,2015-01-01,listed,,
LYKO-A.ST,Lyko Group AB,SE,SEK,XSTO,main,LYKO-A.ST,,15.31,2015-01-01,listed,,
EOLU-B.ST,Eolus Aktiebolag,SE,SEK,XSTO,main,EOLU-B.ST,,23.5851,2015-01-01,listed,,
VPAB-B.ST,Veteranpoolen AB,SE,SEK,XSTO,main,VPAB-B.ST,,18.718,2015-01-01,listed,,
CCC.ST,Cavotec Group AB,SE,SEK,XSTO,main,CCC.ST,,106.696,2015-01-01,listed,,
SALT-B.ST,SaltX Technology Holding AB,SE,SEK,XSTO,main,SALT-B.ST,,230.6998,2015-01-01,listed,,
ENEA.ST,Enea AB,SE,SEK,XSTO,main,ENEA.ST,,18.7858,2015-01-01,listed,,
GREEN.ST,Green Landscaping Group AB,SE,SEK,XSTO,main,GREEN.ST,,56.459,2015-01-01,listed,,
PCELL.ST,PowerCell Sweden AB,SE,SEK,XSTO,main,PCELL.ST,,58.1576,2015-01-01,listed,,
SOF-B.ST,Softronic AB,SE,SEK,XSTO,main,SOF-B.ST,,49.6328,2015-01-01,listed,,
FNOVA-B.ST,Fortinova Fastigheter AB (Publ),SE,SEK,XSTO,main,FNOVA-B.ST,,47.6961,2015-01-01,listed,,
CRAD-B.ST,C-Rad AB,SE,SEK,XSTO,main,CRAD-B.ST,,32.1185,2015-01-01,listed,,
ARP.ST,Arctic Paper S.A.,SE,SEK,XSTO,main,ARP.ST,,69.2878,2015-01-01,listed,,
NANEXA.ST,Nanexa AB,SE,SEK,XSTO,main,NANEXA.ST,,191.0365,2015-01-01,listed,,
NETI-B.ST,Net Insight AB,SE,SEK,XSTO,main,NETI-B.ST,,339.376,2015-01-01,listed,,
BOKUS.ST,Bokusgruppen AB,SE,SEK,XSTO,main,BOKUS.ST,,16.1512,2015-01-01,listed,,
MVIR.ST,Medivir AB,SE,SEK,XSTO,main,MVIR.ST,,624.0371,2015-01-01,listed,,
EPIS-B.ST,Episurf Medical AB,SE,SEK,XSTO,main,EPIS-B.ST,,14991.3632,2015-01-01,listed,,
SYNACT.ST,SynAct Pharma AB,SE,SEK,XSTO,main,SYNACT.ST,,55.9983,2015-01-01,listed,,
NELLY.ST,Nelly Group AB,SE,SEK,XSTO,main,NELLY.ST,,29.4957,2015-01-01,listed,,
SEDANA.ST,Sedana Medical AB,SE,SEK,XSTO,main,SEDANA.ST,,99.337,2015-01-01,listed,,
FIRE.ST,Firefly AB,SE,SEK,XSTO,main,FIRE.ST,,6.0014,2015-01-01,listed,,
EWRK.ST,Ework Group AB,SE,SEK,XSTO,main,EWRK.ST,,17.2873,2015-01-01,listed,,
CTEK.ST,CTEK AB,SE,SEK,XSTO,main,CTEK.ST,,69.9763,2015-01-01,listed,,
HAMLET-B.ST,Hamlet BioPharma AB,SE,SEK,XSTO,main,HAMLET-B.ST,,150.5521,2015-01-01,listed,,
TINGS-A.ST,Tingsvalvet Fastighets AB,SE,SEK,XSTO,main,TINGS-A.ST,,6.44,2015-01-01,listed,,
DVYSR.ST,Devyser Diagnostics AB,SE,SEK,XSTO,main,DVYSR.ST,,16.8898,2015-01-01,listed,,
PROF-B.ST,ProfilGruppen AB,SE,SEK,XSTO,main,PROF-B.ST,,7.3988,2015-01-01,listed,,
ALZCUR.ST,AlzeCure Pharma AB,SE,SEK,XSTO,main,ALZCUR.ST,,114.9145,2015-01-01,listed,,
ACCON.ST,Acconeer AB,SE,SEK,XSTO,main,ACCON.ST,,76.1415,2015-01-01,listed,,
ITECH.ST,I-Tech AB,SE,SEK,XSTO,main,ITECH.ST,,11.9978,2015-01-01,listed,,
STUDBO.ST,Studentbostäder i Norden AB,SE,SEK,XSTO,main,STUDBO.ST,,693.8027,2015-01-01,listed,,
IBT-B.ST,Infant Bacterial Therapeutics AB,SE,SEK,XSTO,main,IBT-B.ST,,13.0181,2015-01-01,listed,,
NANOFS.ST,Nanoform Finland Oyj,SE,SEK,XSTO,main,NANOFS.ST,,85.7549,2015-01-01,listed,,
AAC.ST,AAC Clyde Space AB,SE,SEK,XSTO,main,AAC.ST,,7.7529,2015-01-01,listed,,
ARPL.ST,Arla Plast AB,SE,SEK,XSTO,main,ARPL.ST,,20.98,2015-01-01,listed,,
MANG.ST,Mangold Fondkommission AB,SE,SEK,XSTO,main,MANG.ST,,0.4792,2015-01-01,listed,,
DICOT.ST,Dicot Pharma AB,SE,SEK,XSTO,main,DICOT.ST,,3468.6892,2015-01-01,listed,,
EMBELL.ST,Embellence Group AB,SE,SEK,XSTO,main,EMBELL.ST,,23.5387,2015-01-01,listed,,
MIDS.ST,Midsummer AB,SE,SEK,XSTO,main,MIDS.ST,,529.6202,2015-01-01,listed,,
BIM.ST,BIMobject AB,SE,SEK,XSTO,main,BIM.ST,,151.1776,2015-01-01,listed,,
APRTEC.ST,Apr Technologies Ab,SE,SEK,XSTO,main,APRTEC.ST,,27.6515,2015-01-01,listed,,
RROS.ST,Rottneros AB,SE,SEK,XSTO,main,RROS.ST,,267.0009,2015-01-01,listed,,
CX.ST,CombinedX AB,SE,SEK,XSTO,main,CX.ST,,19.4787,2015-01-01,listed,,
TERNOR.ST,Terranor Group AB,SE,SEK,XSTO,main,TERNOR.ST,,20.0,2015-01-01,listed,,
ADVE.ST,Advenica AB,SE,SEK,XSTO,main,ADVE.ST,,43.9859,2015-01-01,listed,,
DURC-B.ST,Duroc AB,SE,SEK,XSTO,main,DURC-B.ST,,29.0668,2015-01-01,listed,,
KAPIAB.ST,Kallebäck Property Invest AB,SE,SEK,XSTO,main,KAPIAB.ST,,3.65,2015-01-01,listed,,
AEC.ST,Africa Energy Corp.,SE,SEK,XSTO,main,AEC.ST,,526.1625,2015-01-01,listed,,
EQL.ST,EQL Pharma AB,SE,SEK,XSTO,main,EQL.ST,,29.5296,2015-01-01,listed,,
ALCA.ST,Alcadon Group AB,SE,SEK,XSTO,main,ALCA.ST,,24.511,2015-01-01,listed,,
SINT.ST,SinterCast AB,SE,SEK,XSTO,main,SINT.ST,,7.0423,2015-01-01,listed,,
PREV-B.ST,Prevas AB,SE,SEK,XSTO,main,PREV-B.ST,,12.4624,2015-01-01,listed,,
RAIL.ST,Railcare Group AB,SE,SEK,XSTO,main,RAIL.ST,,24.4326,2015-01-01,listed,,
PIERCE.ST,Pierce Group AB,SE,SEK,XSTO,main,PIERCE.ST,,79.5735,2015-01-01,listed,,
BEAMMW-B.ST,BeammWave AB,SE,SEK,XSTO,main,BEAMMW-B.ST,,49.5707,2015-01-01,listed,,
NTEK-B.ST,Novotek AB,SE,SEK,XSTO,main,NTEK-B.ST,,9.1,2015-01-01,listed,,
DMXSE-SDB.ST,District Metals Corp.,SE,SEK,XSTO,main,DMXSE-SDB.ST,,190.7874,2015-01-01,listed,,
TINGS-B.ST,Tingsvalvet Fastighets AB,SE,SEK,XSTO,main,TINGS-B.ST,,11.0169,2015-01-01,listed,,
PRIC-B.ST,Pricer AB,SE,SEK,XSTO,main,PRIC-B.ST,,163.3901,2015-01-01,listed,,
CARE.ST,Careium AB (Publ),SE,SEK,XSTO,main,CARE.ST,,24.3262,2015-01-01,listed,,
CAG.ST,CAG Group AB,SE,SEK,XSTO,main,CAG.ST,,7.374,2015-01-01,listed,,
HAKI-A.ST,HAKI Safety AB,SE,SEK,XSTO,main,HAKI-A.ST,,10.456,2015-01-01,listed,,
FLEXQ.ST,FlexQube AB,SE,SEK,XSTO,main,FLEXQ.ST,,17.2204,2015-01-01,listed,,
LUMEN.ST,LumenRadio AB,SE,SEK,XSTO,main,LUMEN.ST,,12.5819,2015-01-01,listed,,
TITA-B.ST,Titania Holding AB,SE,SEK,XSTO,main,TITA-B.ST,,70.297,2015-01-01,listed,,
ADTR.ST,Adtraction Group AB,SE,SEK,XSTO,main,ADTR.ST,,16.6071,2015-01-01,listed,,
CASE.ST,Case Group AB,SE,SEK,XSTO,main,CASE.ST,,32.1844,2015-01-01,listed,,
ONCO.ST,Oncopeptides AB,SE,SEK,XSTO,main,ONCO.ST,,381.3578,2015-01-01,listed,,
SKMO.ST,Skåne-möllan AB,SE,SEK,XSTO,main,SKMO.ST,,11.0,2015-01-01,listed,,
SIBEK.ST,Sibek AB,SE,SEK,XSTO,main,SIBEK.ST,,10.1533,2015-01-01,listed,,
NORB-B.ST,Nordisk Bergteknik AB,SE,SEK,XSTO,main,NORB-B.ST,,57.2379,2015-01-01,listed,,
HAKI-B.ST,HAKI Safety AB,SE,SEK,XSTO,main,HAKI-B.ST,,19.3576,2015-01-01,listed,,
ATIC.ST,Actic Group AB,SE,SEK,XSTO,main,ATIC.ST,,22.7557,2015-01-01,listed,,
SKOLON.ST,Skolon AB,SE,SEK,XSTO,main,SKOLON.ST,,26.544,2015-01-01,listed,,
ENVAR.ST,Envar Holding AB,SE,SEK,XSTO,main,ENVAR.ST,,12.5,2015-01-01,listed,,
CEDER.ST,Cedergrenska AB,SE,SEK,XSTO,main,CEDER.ST,,12.6609,2015-01-01,listed,,
QLIRO.ST,Qliro AB,SE,SEK,XSTO,main,QLIRO.ST,,34.2441,2015-01-01,listed,,
BEGR.ST,BE Group AB,SE,SEK,XSTO,main,BEGR.ST,,19.4748,2015-01-01,listed,,
CNCJO-B.ST,Concejo AB,SE,SEK,XSTO,main,CNCJO-B.ST,,10.7903,2015-01-01,listed,,
BACTI-B.ST,Bactiguard Holding AB,SE,SEK,XSTO,main,BACTI-B.ST,,31.0439,2015-01-01,listed,,
W5.ST,W5 Solutions AB,SE,SEK,XSTO,main,W5.ST,,17.5593,2015-01-01,listed,,
GARO.ST,Garo Aktiebolag,SE,SEK,XSTO,main,GARO.ST,,50.0,2015-01-01,listed,,
HOME-B.ST,HomeMaid AB,SE,SEK,XSTO,main,HOME-B.ST,,16.7035,2015-01-01,listed,,
DEDI.ST,Dedicare AB,SE,SEK,XSTO,main,DEDI.ST,,7.9803,2015-01-01,listed,,
SEAF.ST,Seafire AB,SE,SEK,XSTO,main,SEAF.ST,,71.1737,2015-01-01,listed,,
CINPHA.ST,Cinclus Pharma Holding AB,SE,SEK,XSTO,main,CINPHA.ST,,46.5378,2015-01-01,listed,,
FLUO.ST,FluoGuide A/S,SE,SEK,XSTO,main,FLUO.ST,,16.3493,2015-01-01,listed,,
G2M.ST,Gentoo Media Inc.,SE,SEK,XSTO,main,G2M.ST,,130.118,2015-01-01,listed,,
MOFAST.ST,Mofast AB,SE,SEK,XSTO,main,MOFAST.ST,,36.7985,2015-01-01,listed,,
MOB.ST,Moberg Pharma AB,SE,SEK,XSTO,main,MOB.ST,,47.1808,2015-01-01,listed,,
FREJA.ST,Freja eID Group AB,SE,SEK,XSTO,main,FREJA.ST,,28.561,2015-01-01,listed,,
ONEF.ST,Oneflow AB,SE,SEK,XSTO,main,ONEF.ST,,28.4397,2015-01-01,listed,,
QSYS.ST,Qualisys Holding AB,SE,SEK,XSTO,main,QSYS.ST,,10.0,2015-01-01,listed,,
CDON.ST,CDON AB,SE,SEK,XSTO,main,CDON.ST,,11.2597,2015-01-01,listed,,
ATIN.ST,Athanase Innovation AB,SE,SEK,XSTO,main,ATIN.ST,,24.2708,2015-01-01,listed,,
UPSALE.ST,Upsales Technology AB,SE,SEK,XSTO,main,UPSALE.ST,,16.8384,2015-01-01,listed,,
GENI.ST,Generic Sweden AB,SE,SEK,XSTO,main,GENI.ST,,12.292,2015-01-01,listed,,
KRONA.ST,Krona Public Real Estate AB,SE,SEK,XSTO,main,KRONA.ST,,11.1767,2015-01-01,listed,,
OBAB.ST,Online Brands Nordic AB,SE,SEK,XSTO,main,OBAB.ST,,28.8627,2015-01-01,listed,,
SGG.ST,Sensys Gatso Group AB,SE,SEK,XSTO,main,SGG.ST,,11.5304,2015-01-01,listed,,
BOAT.ST,Nimbus Group AB (Publ),SE,SEK,XSTO,main,BOAT.ST,,42.6312,2015-01-01,listed,,
ELON.ST,Elon AB,SE,SEK,XSTO,main,ELON.ST,,14.8396,2015-01-01,listed,,
TRAIN-B.ST,Train Alliance AB,SE,SEK,XSTO,main,TRAIN-B.ST,,70.7609,2015-01-01,listed,,
SEZI.ST,Senzime AB,SE,SEK,XSTO,main,SEZI.ST,,157.215,2015-01-01,listed,,
QBEN.ST,Qben Infra AB,SE,SEK,XSTO,main,QBEN.ST,,79.8276,2015-01-01,listed,,
WTW-A.ST,Wall to Wall Group AB,SE,SEK,XSTO,main,WTW-A.ST,,13.336,2015-01-01,listed,,
OPTER.ST,Opter AB,SE,SEK,XSTO,main,OPTER.ST,,6.0,2015-01-01,listed,,
MEDS.ST,Meds Apotek AB,SE,SEK,XSTO,main,MEDS.ST,,18.5722,2015-01-01,listed,,
NAVIGO-STAM.ST,Navigo Invest AB,SE,SEK,XSTO,main,NAVIGO-STAM.ST,,85.0876,2015-01-01,listed,,
WBGR-B.ST,Wästbygg Gruppen AB,SE,SEK,XSTO,main,WBGR-B.ST,,172.0204,2015-01-01,listed,,
TAGM-B.ST,TagMaster AB,SE,SEK,XSTO,main,TAGM-B.ST,,14.6475,2015-01-01,listed,,
G5EN.ST,G5 Entertainment AB,SE,SEK,XSTO,main,G5EN.ST,,7.43,2015-01-01,listed,,
ENZY.ST,Enzymatica AB,SE,SEK,XSTO,main,ENZY.ST,,242.7351,2015-01-01,listed,,
SNX.ST,Premium Snacks Nordic AB,SE,SEK,XSTO,main,SNX.ST,,13.6017,2015-01-01,listed,,
CANTA.ST,Cantargia AB,SE,SEK,XSTO,main,CANTA.ST,,281.945,2015-01-01,listed,,
DOXA.ST,Doxa AB,SE,SEK,XSTO,main,DOXA.ST,,1312.8931,2015-01-01,listed,,
LEMSE.ST,Leading Edge Materials Corp.,SE,SEK,XSTO,main,LEMSE.ST,,257.5304,2015-01-01,listed,,
SOLNA.ST,Solnaberg Property AB,SE,SEK,XSTO,main,SOLNA.ST,,3.76,2015-01-01,listed,,
XSPRAY.ST,Xspray Pharma AB,SE,SEK,XSTO,main,XSPRAY.ST,,47.4166,2015-01-01,listed,,
GAPW-B.ST,Gapwaves AB,SE,SEK,XSTO,main,GAPW-B.ST,,28.7198,2015-01-01,listed,,
BOTX.ST,Botnia Gold AB,SE,SEK,XSTO,main,BOTX.ST,,40.805,2015-01-01,listed,,
GRANGX.ST,Grangex AB,SE,SEK,XSTO,main,GRANGX.ST,,14.1401,2015-01-01,listed,,
BOHO.ST,Boho Group AB,SE,SEK,XSTO,main,BOHO.ST,,57.697,2015-01-01,listed,,
SLEEP.ST,Sleep Cycle AB,SE,SEK,XSTO,main,SLEEP.ST,,20.2776,2015-01-01,listed,,
ANGL.ST,Angler Gaming plc,SE,SEK,XSTO,main,ANGL.ST,,74.985,2015-01-01,listed,,
SUSG.ST,Sustainion Group AB,SE,SEK,XSTO,main,SUSG.ST,,231.4362,2015-01-01,listed,,
FREEM.ST,Freemelt Holding AB,SE,SEK,XSTO,main,FREEM.ST,,227.6995,2015-01-01,listed,,
OBSE.ST,Observit AB,SE,SEK,XSTO,main,OBSE.ST,,646.982,2015-01-01,listed,,
WPTG-B.ST,White Pearl Technology Group AB,SE,SEK,XSTO,main,WPTG-B.ST,,31.2741,2015-01-01,listed,,
BRAIN.ST,BrainCool AB,SE,SEK,XSTO,main,BRAIN.ST,,394.8782,2015-01-01,listed,,
FRACTL.ST,Fractal Gaming Group AB,SE,SEK,XSTO,main,FRACTL.ST,,29.1705,2015-01-01,listed,,
ENRO.ST,Eniro Group AB,SE,SEK,XSTO,main,ENRO.ST,,14.5601,2015-01-01,listed,,
OSSD.ST,OssDsign AB,SE,SEK,XSTO,main,OSSD.ST,,110.6259,2015-01-01,listed,,
IMMU.ST,Mendus AB,SE,SEK,XSTO,main,IMMU.ST,,63.4834,2015-01-01,listed,,
BMC.ST,Brock Milton Capital AB,SE,SEK,XSTO,main,BMC.ST,,4.0257,2015-01-01,listed,,
SAFETY-B.ST,mySafety Group AB,SE,SEK,XSTO,main,SAFETY-B.ST,,22.3988,2015-01-01,listed,,
BONAS.ST,Bonäsudden Holding AB,SE,SEK,XSTO,main,BONAS.ST,,2.7131,2015-01-01,listed,,
CLBIO.ST,Corline Biomedical AB,SE,SEK,XSTO,main,CLBIO.ST,,26.1331,2015-01-01,listed,,
MNTC.ST,Mentice AB,SE,SEK,XSTO,main,MNTC.ST,,28.1257,2015-01-01,listed,,
AMH2-B.ST,Amhult 2 AB,SE,SEK,XSTO,main,AMH2-B.ST,,4.8225,2015-01-01,listed,,
BALCO.ST,Balco Group AB,SE,SEK,XSTO,main,BALCO.ST,,23.0216,2015-01-01,listed,,
NYOR.ST,Nyorda AB,SE,SEK,XSTO,main,NYOR.ST,,59.7431,2015-01-01,listed,,
GIG-SDB.ST,GiG Software p.l.c.,SE,SEK,XSTO,main,GIG-SDB.ST,,176.9077,2015-01-01,listed,,
INFREA.ST,Infrea AB,SE,SEK,XSTO,main,INFREA.ST,,28.1378,2015-01-01,listed,,
K2A-B.ST,K2A Knaust & Andersson Fastigheter AB,SE,SEK,XSTO,main,K2A-B.ST,,68.8295,2015-01-01,listed,,
WAYS.ST,Waystream Holding AB,SE,SEK,XSTO,main,WAYS.ST,,8.7692,2015-01-01,listed,,
NAXS.ST,NAXS AB,SE,SEK,XSTO,main,NAXS.ST,,10.9043,2015-01-01,listed,,
ACRI-A.ST,Acrinova AB,SE,SEK,XSTO,main,ACRI-A.ST,,15.0391,2015-01-01,listed,,
GULD.ST,Guldbrev Holding AB,SE,SEK,XSTO,main,GULD.ST,,20.9972,2015-01-01,listed,,
SBOK-B.ST,ScandBook Holding AB,SE,SEK,XSTO,main,SBOK-B.ST,,4.5966,2015-01-01,listed,,
FLMNG.ST,Fleming Properties AB,SE,SEK,XSTO,main,FLMNG.ST,,65.45,2015-01-01,listed,,
ORT-B.ST,Ortoma AB,SE,SEK,XSTO,main,ORT-B.ST,,45.1222,2015-01-01,listed,,
QLINEA.ST,Q-linea AB,SE,SEK,XSTO,main,QLINEA.ST,,18.9488,2015-01-01,listed,,
IVACC.ST,Intervacc AB,SE,SEK,XSTO,main,IVACC.ST,,340.8132,2015-01-01,listed,,
VUXEN.ST,Vuxen Group AB,SE,SEK,XSTO,main,VUXEN.ST,,11.2,2015-01-01,listed,,
BIOWKS.ST,Bio-Works Technologies AB,SE,SEK,XSTO,main,BIOWKS.ST,,100.4139,2015-01-01,listed,,
MINEST.ST,Minesto AB,SE,SEK,XSTO,main,MINEST.ST,,260.1116,2015-01-01,listed,,
IMPC.ST,Impact Coatings AB,SE,SEK,XSTO,main,IMPC.ST,,105.2193,2015-01-01,listed,,
K33.ST,K33 AB,SE,SEK,XSTO,main,K33.ST,,14920.6917,2015-01-01,listed,,
AGTIRA-B.ST,Agtira AB,SE,SEK,XSTO,main,AGTIRA-B.ST,,131.457,2015-01-01,listed,,
ARCT.ST,Arctic Minerals AB,SE,SEK,XSTO,main,ARCT.ST,,54.6472,2015-01-01,listed,,
CANDLE-B.ST,Candles Scandinavia AB,SE,SEK,XSTO,main,CANDLE-B.ST,,8.9283,2015-01-01,listed,,
PION-B.ST,PION Group AB,SE,SEK,XSTO,main,PION-B.ST,,37.3114,2015-01-01,listed,,
ACRI-B.ST,Acrinova AB,SE,SEK,XSTO,main,ACRI-B.ST,,28.4981,2015-01-01,listed,,
CALVIK.ST,Calviks AB,SE,SEK,XSTO,main,CALVIK.ST,,5.4495,2015-01-01,listed,,
AGES-B.ST,AGES Industri AB,SE,SEK,XSTO,main,AGES-B.ST,,5.4113,2015-01-01,listed,,
SPRINT.ST,Sprint Bioscience AB,SE,SEK,XSTO,main,SPRINT.ST,,105.5155,2015-01-01,listed,,
FERRO.ST,Ferroamp AB,SE,SEK,XSTO,main,FERRO.ST,,107.8957,2015-01-01,listed,,
MAVEN.ST,Maven Wireless Sweden AB (Publ),SE,SEK,XSTO,main,MAVEN.ST,,56.5751,2015-01-01,listed,,
DSNO.ST,Desenio Group AB,SE,SEK,XSTO,main,DSNO.ST,,981.8574,2015-01-01,listed,,
VETT.ST,Vetted Assets AB,SE,SEK,XSTO,main,VETT.ST,,58.1066,2015-01-01,listed,,
4C.ST,4C Group AB,SE,SEK,XSTO,main,4C.ST,,40.063,2015-01-01,listed,,
SMOL.ST,Smoltek Nanotech Holding AB,SE,SEK,XSTO,main,SMOL.ST,,238.269,2015-01-01,listed,,
NEXAM.ST,Nexam Chemical Holding AB,SE,SEK,XSTO,main,NEXAM.ST,,102.6621,2015-01-01,listed,,
PRFO.ST,Profoto Holding AB,SE,SEK,XSTO,main,PRFO.ST,,40.0,2015-01-01,listed,,
QAIR.ST,QleanAir AB,SE,SEK,XSTO,main,QAIR.ST,,14.8592,2015-01-01,listed,,
TRANS.ST,Transtema Group AB,SE,SEK,XSTO,main,TRANS.ST,,59.0578,2015-01-01,listed,,
IRLAB-A.ST,IRLAB Therapeutics AB,SE,SEK,XSTO,main,IRLAB-A.ST,,148.6321,2015-01-01,listed,,
ACUVI.ST,Acuvi AB,SE,SEK,XSTO,main,ACUVI.ST,,33.3552,2015-01-01,listed,,
ACARIX.ST,Acarix AB,SE,SEK,XSTO,main,ACARIX.ST,,1240.5116,2015-01-01,listed,,
MEAB-B.ST,Malmbergs Elektriska AB,SE,SEK,XSTO,main,MEAB-B.ST,,7.2,2015-01-01,listed,,
UTG.ST,Unlimited Travel Group UTG AB,SE,SEK,XSTO,main,UTG.ST,,11.7022,2015-01-01,listed,,
TOBII.ST,Tobii AB,SE,SEK,XSTO,main,TOBII.ST,,235.014,2015-01-01,listed,,
TURA.ST,Tura Group AB,SE,SEK,XSTO,main,TURA.ST,,49.2308,2015-01-01,listed,,
MAGI.ST,MAG Interactive AB,SE,SEK,XSTO,main,MAGI.ST,,26.541,2015-01-01,listed,,
NIO.ST,Nordic Iron Ore AB,SE,SEK,XSTO,main,NIO.ST,,67.9153,2015-01-01,listed,,
SPACEN-B.ST,Hultstrom Group AB,SE,SEK,XSTO,main,SPACEN-B.ST,,59.2762,2015-01-01,listed,,
OGUN-B.ST,Ogunsen AB,SE,SEK,XSTO,main,OGUN-B.ST,,9.8583,2015-01-01,listed,,
META.ST,Metacon AB,SE,SEK,XSTO,main,META.ST,,1750.6145,2015-01-01,listed,,
ISOFOL.ST,Isofol Medical AB,SE,SEK,XSTO,main,ISOFOL.ST,,320.4916,2015-01-01,listed,,
INTEG-B.ST,Integrum AB,SE,SEK,XSTO,main,INTEG-B.ST,,26.0279,2015-01-01,listed,,
BINERO.ST,Binero Group AB,SE,SEK,XSTO,main,BINERO.ST,,139.6414,2015-01-01,listed,,
B3.ST,B3 Consulting Group AB,SE,SEK,XSTO,main,B3.ST,,9.4785,2015-01-01,listed,,
PRESRV.ST,Preservium Property AB,SE,SEK,XSTO,main,PRESRV.ST,,4.635,2015-01-01,listed,,
CTM.ST,Catena Media plc,SE,SEK,XSTO,main,CTM.ST,,75.6501,2015-01-01,listed,,
ALPCOT-B.ST,Alpcot Holding AB,SE,SEK,XSTO,main,ALPCOT-B.ST,,179.7307,2015-01-01,listed,,
KEBNI-B.ST,KebNi AB,SE,SEK,XSTO,main,KEBNI-B.ST,,273.7379,2015-01-01,listed,,
LYGRD.ST,Lyckegård Group AB,SE,SEK,XSTO,main,LYGRD.ST,,68.0626,2015-01-01,listed,,
FABLE.ST,Fable Media Group AB,SE,SEK,XSTO,main,FABLE.ST,,33.9706,2015-01-01,listed,,
AVEN.ST,Avensia AB,SE,SEK,XSTO,main,AVEN.ST,,37.1232,2015-01-01,listed,,
XBRANE.ST,Xbrane Biopharma AB,SE,SEK,XSTO,main,XBRANE.ST,,20.6053,2015-01-01,listed,,
LAMM-B.ST,Lammhults Design Group AB,SE,SEK,XSTO,main,LAMM-B.ST,,7.3559,2015-01-01,listed,,
HILB-B.ST,Hilbert Group AB,SE,SEK,XSTO,main,HILB-B.ST,,123.5283,2015-01-01,listed,,
STAR-A.ST,Starbreeze AB,SE,SEK,XSTO,main,STAR-A.ST,,142.1268,2015-01-01,listed,,
LITI.ST,Litium AB,SE,SEK,XSTO,main,LITI.ST,,19.3493,2015-01-01,listed,,
FRILAN.ST,Invoicery Group AB,SE,SEK,XSTO,main,FRILAN.ST,,29.0455,2015-01-01,listed,,
ELIC.ST,Elicera Therapeutics AB,SE,SEK,XSTO,main,ELIC.ST,,66.7364,2015-01-01,listed,,
SPGR.ST,Spotlight Group AB,SE,SEK,XSTO,main,SPGR.ST,,6.04,2015-01-01,listed,,
OXE.ST,OXE Marine AB,SE,SEK,XSTO,main,OXE.ST,,943.0405,2015-01-01,listed,,
BLINC-B.ST,BlincVision AB,SE,SEK,XSTO,main,BLINC-B.ST,,2336.7278,2015-01-01,listed,,
PRO.ST,Promimic AB,SE,SEK,XSTO,main,PRO.ST,,18.8923,2015-01-01,listed,,
INQ.ST,INQ Group AB,SE,SEK,XSTO,main,INQ.ST,,1102.3628,2015-01-01,listed,,
CDMIL.ST,CodeMill AB,SE,SEK,XSTO,main,CDMIL.ST,,13.6217,2015-01-01,listed,,
ORTI-A.ST,Ortivus AB,SE,SEK,XSTO,main,ORTI-A.ST,,1.6627,2015-01-01,listed,,
DEX.ST,Dextech Medical AB,SE,SEK,XSTO,main,DEX.ST,,18.4859,2015-01-01,listed,,
BPCINS.ST,BPC Instruments AB,SE,SEK,XSTO,main,BPCINS.ST,,11.1043,2015-01-01,listed,,
VIMAB.ST,Vimab Group AB,SE,SEK,XSTO,main,VIMAB.ST,,47.562,2015-01-01,listed,,
LGOLD-B.ST,Lappland Guldprospektering AB,SE,SEK,XSTO,main,LGOLD-B.ST,,1.1628,2015-01-01,listed,,
STW.ST,SeaTwirl AB,SE,SEK,XSTO,main,STW.ST,,5.9835,2015-01-01,listed,,
HAV-B.ST,Havsfrun Investment AB,SE,SEK,XSTO,main,HAV-B.ST,,10.3664,2015-01-01,listed,,
CLIME-B.ST,Climeon AB,SE,SEK,XSTO,main,CLIME-B.ST,,62.641,2015-01-01,listed,,
OPTI.ST,OptiCept Technologies AB,SE,SEK,XSTO,main,OPTI.ST,,86.0887,2015-01-01,listed,,
AVT-B.ST,AVTECH Sweden AB,SE,SEK,XSTO,main,AVT-B.ST,,51.3377,2015-01-01,listed,,
ENVI-B.ST,Envirologic AB,SE,SEK,XSTO,main,ENVI-B.ST,,9.4724,2015-01-01,listed,,
SCIB.ST,SciBase Holding AB,SE,SEK,XSTO,main,SCIB.ST,,10.7542,2015-01-01,listed,,
BBROOM.ST,New Bubbleroom Sweden AB,SE,SEK,XSTO,main,BBROOM.ST,,15.5457,2015-01-01,listed,,
CFISH.ST,Crunchfish AB,SE,SEK,XSTO,main,CFISH.ST,,82.865,2015-01-01,listed,,
FLEXM.ST,Flexion Mobile Plc,SE,SEK,XSTO,main,FLEXM.ST,,56.8709,2015-01-01,listed,,
NEO-B.ST,Neovici Holding AB,SE,SEK,XSTO,main,NEO-B.ST,,46.0137,2015-01-01,listed,,
PRCO-B.ST,Precio Fishbone AB,SE,SEK,XSTO,main,PRCO-B.ST,,9.1557,2015-01-01,listed,,
ORTI-B.ST,Ortivus AB,SE,SEK,XSTO,main,ORTI-B.ST,,86.9523,2015-01-01,listed,,
ACROUD.ST,Acroud AB,SE,SEK,XSTO,main,ACROUD.ST,,1279.2211,2015-01-01,listed,,
SENZA.ST,SenzaGen AB,SE,SEK,XSTO,main,SENZA.ST,,32.508,2015-01-01,listed,,
NETEL.ST,Netel Holding AB,SE,SEK,XSTO,main,NETEL.ST,,48.5119,2015-01-01,listed,,
DRIL.ST,Drillcon AB,SE,SEK,XSTO,main,DRIL.ST,,44.6,2015-01-01,listed,,
SIMRIS-B.ST,Simris Group AB (PUBL),SE,SEK,XSTO,main,SIMRIS-B.ST,,1349.7933,2015-01-01,listed,,
ABERA.ST,Abera Bioscience AB,SE,SEK,XSTO,main,ABERA.ST,,21.4571,2015-01-01,listed,,
BUSER.ST,Bambuser AB,SE,SEK,XSTO,main,BUSER.ST,,8.0519,2015-01-01,listed,,
BHOLM.ST,Bergholm Holding AB,SE,SEK,XSTO,main,BHOLM.ST,,14.425,2015-01-01,listed,,
GREAT.ST,Greater Than AB,SE,SEK,XSTO,main,GREAT.ST,,18.9793,2015-01-01,listed,,
DMYD-B.ST,Diamyd Medical AB,SE,SEK,XSTO,main,DMYD-B.ST,,151.4814,2015-01-01,listed,,
HIGHCO-B.ST,High Coast Distillery AB (Publ),SE,SEK,XSTO,main,HIGHCO-B.ST,,3.8128,2015-01-01,listed,,
INIT.ST,Initiator Pharma A/S,SE,SEK,XSTO,main,INIT.ST,,68.4529,2015-01-01,listed,,
STAR-B.ST,Starbreeze AB,SE,SEK,XSTO,main,STAR-B.ST,,1482.3115,2015-01-01,listed,,
XER.ST,Xer Tech Holding AB,SE,SEK,XSTO,main,XER.ST,,58.5935,2015-01-01,listed,,
TRAN-B.ST,Transferator AB,SE,SEK,XSTO,main,TRAN-B.ST,,40.8857,2015-01-01,listed,,
HEART.ST,Scandinavian Real Heart AB (Publ),SE,SEK,XSTO,main,HEART.ST,,8.4978,2015-01-01,listed,,
BRAVE.ST,Kinda Brave Entertainment Group Ab (Publ),SE,SEK,XSTO,main,BRAVE.ST,,50.9747,2015-01-01,listed,,
FASTAT.ST,Aktiebolaget Fastator,SE,SEK,XSTO,main,FASTAT.ST,,344.4815,2015-01-01,listed,,
MODEL.ST,Modelon AB,SE,SEK,XSTO,main,MODEL.ST,,18.2247,2015-01-01,listed,,
KLAR.ST,Klaria Pharma Holding AB (publ.),SE,SEK,XSTO,main,KLAR.ST,,245.9762,2015-01-01,listed,,
SFTR.ST,Safeture AB,SE,SEK,XSTO,main,SFTR.ST,,39.2894,2015-01-01,listed,,
PTRK.ST,Physitrack PLC,SE,SEK,XSTO,main,PTRK.ST,,16.2608,2015-01-01,listed,,
NOTEK.ST,Norditek Group AB,SE,SEK,XSTO,main,NOTEK.ST,,13.7312,2015-01-01,listed,,
SOLT.ST,SolTech Energy Sweden AB,SE,SEK,XSTO,main,SOLT.ST,,1322.7939,2015-01-01,listed,,
POLYG.ST,Polygiene Group AB,SE,SEK,XSTO,main,POLYG.ST,,36.527,2015-01-01,listed,,
GJAB.ST,Gullberg & Jansson AB,SE,SEK,XSTO,main,GJAB.ST,,8.7345,2015-01-01,listed,,
XINT.ST,Xintela AB,SE,SEK,XSTO,main,XINT.ST,,861.2668,2015-01-01,listed,,
AIXIA-B.ST,Aixia Group AB,SE,SEK,XSTO,main,AIXIA-B.ST,,1.476,2015-01-01,listed,,
AQUAT.ST,Aquaticus Real Estate AB,SE,SEK,XSTO,main,AQUAT.ST,,3.08,2015-01-01,listed,,
SODER.ST,Söder Sportfiske AB,SE,SEK,XSTO,main,SODER.ST,,8.4699,2015-01-01,listed,,
SUMMAS.ST,Summa Defence Oyj,SE,SEK,XSTO,main,SUMMAS.ST,,46.7846,2015-01-01,listed,,
HERNO-B.ST,Hernö Gin AB,SE,SEK,XSTO,main,HERNO-B.ST,,28.2845,2015-01-01,listed,,
EMB.ST,EMB Mission Bound AB,SE,SEK,XSTO,main,EMB.ST,,297.0205,2015-01-01,listed,,
TRAN-A.ST,Transferator AB,SE,SEK,XSTO,main,TRAN-A.ST,,55.3217,2015-01-01,listed,,
MOMENT.ST,Moment Group AB,SE,SEK,XSTO,main,MOMENT.ST,,25.3159,2015-01-01,listed,,
BONG.ST,Bong AB,SE,SEK,XSTO,main,BONG.ST,,430.1205,2015-01-01,listed,,
IZAFE-B.ST,iZafe Group AB,SE,SEK,XSTO,main,IZAFE-B.ST,,429.9913,2015-01-01,listed,,
NEPA.ST,Nepa AB,SE,SEK,XSTO,main,NEPA.ST,,7.8632,2015-01-01,listed,,
MRSELL.ST,mResell Group AB,SE,SEK,XSTO,main,MRSELL.ST,,54.797,2015-01-01,listed,,
KLIMAT.ST,Klimator AB,SE,SEK,XSTO,main,KLIMAT.ST,,35.0609,2015-01-01,listed,,
TALK.ST,TalkPool AG,SE,SEK,XSTO,main,TALK.ST,,9.1556,2015-01-01,listed,,
SERT.ST,Serstech AB,SE,SEK,XSTO,main,SERT.ST,,254.319,2015-01-01,listed,,
NOSA.ST,Nosa Plugs AB,SE,SEK,XSTO,main,NOSA.ST,,260.1726,2015-01-01,listed,,
NXTCL.ST,NextCell Pharma AB,SE,SEK,XSTO,main,NXTCL.ST,,111.393,2015-01-01,listed,,
OPSYH.ST,Opsy Holding AB,SE,SEK,XSTO,main,OPSYH.ST,,12.697,2015-01-01,listed,,
AXIC-A.ST,aXichem AB,SE,SEK,XSTO,main,AXIC-A.ST,,67.7291,2015-01-01,listed,,
ICO.ST,Iconovo AB,SE,SEK,XSTO,main,ICO.ST,,96.1719,2015-01-01,listed,,
TELLUS.ST,Tellusgruppen AB,SE,SEK,XSTO,main,TELLUS.ST,,17.7634,2015-01-01,listed,,
VO2.ST,Vo2 Cap Holding AB,SE,SEK,XSTO,main,VO2.ST,,61.0336,2015-01-01,listed,,
ACUC.ST,AcuCort AB,SE,SEK,XSTO,main,ACUC.ST,,234.4445,2015-01-01,listed,,
ARCOMA.ST,Arcoma AB,SE,SEK,XSTO,main,ARCOMA.ST,,14.3085,2015-01-01,listed,,
ALBERT.ST,eEducation Albert AB,SE,SEK,XSTO,main,ALBERT.ST,,25.1289,2015-01-01,listed,,
BIOEX.ST,Bioextrax AB,SE,SEK,XSTO,main,BIOEX.ST,,47.6017,2015-01-01,listed,,
DIST.ST,DistIT AB,SE,SEK,XSTO,main,DIST.ST,,935.6808,2015-01-01,listed,,
SIN.ST,Solution International Nordics AB,SE,SEK,XSTO,main,SIN.ST,,45.9867,2015-01-01,listed,,
WISE.ST,Wise Group AB,SE,SEK,XSTO,main,WISE.ST,,8.869,2015-01-01,listed,,
SES.ST,Scandinavian Enviro Systems AB,SE,SEK,XSTO,main,SES.ST,,1117.9944,2015-01-01,listed,,
GCOR.ST,Gaming Corps AB,SE,SEK,XSTO,main,GCOR.ST,,145.4415,2015-01-01,listed,,
ANNX.ST,Annexin Pharmaceuticals AB,SE,SEK,XSTO,main,ANNX.ST,,8.7182,2015-01-01,listed,,
WPAY.ST,Westpay AB,SE,SEK,XSTO,main,WPAY.ST,,101.6148,2015-01-01,listed,,
STWK.ST,Stockwik AB,SE,SEK,XSTO,main,STWK.ST,,7.211,2015-01-01,listed,,
ACTI.ST,Active Biotech AB,SE,SEK,XSTO,main,ACTI.ST,,26.3607,2015-01-01,listed,,
INCOAX.ST,InCoax Networks AB,SE,SEK,XSTO,main,INCOAX.ST,,149.8083,2015-01-01,listed,,
OODA.ST,OODA AI AB,SE,SEK,XSTO,main,OODA.ST,,3.7772,2015-01-01,listed,,
NICA.ST,Nanologica AB,SE,SEK,XSTO,main,NICA.ST,,328.7698,2015-01-01,listed,,
NNH.ST,New Nordic Healthbrands AB,SE,SEK,XSTO,main,NNH.ST,,6.1952,2015-01-01,listed,,
TSEC.ST,Tempest Security AB,SE,SEK,XSTO,main,TSEC.ST,,10.4835,2015-01-01,listed,,
BUY.ST,Sweden Buyersclub AB,SE,SEK,XSTO,main,BUY.ST,,16.5179,2015-01-01,listed,,
LOYAL.ST,Loyal Solutions A/S,SE,SEK,XSTO,main,LOYAL.ST,,9.5,2015-01-01,listed,,
VIVE.ST,Vivesto AB,SE,SEK,XSTO,main,VIVE.ST,,11.0714,2015-01-01,listed,,
IMMNOV.ST,Immunovia AB,SE,SEK,XSTO,main,IMMNOV.ST,,672.6669,2015-01-01,listed,,
DEVP-B.ST,DevPort AB,SE,SEK,XSTO,main,DEVP-B.ST,,9.8375,2015-01-01,listed,,
BOUL.ST,Boule Diagnostics AB,SE,SEK,XSTO,main,BOUL.ST,,38.8331,2015-01-01,listed,,
RAMSH.ST,Ramlösa shipping AB,SE,SEK,XSTO,main,RAMSH.ST,,4.4909,2015-01-01,listed,,
PREC.ST,Precise Biometrics AB,SE,SEK,XSTO,main,PREC.ST,,174.8541,2015-01-01,listed,,
GGEO.ST,Guideline Geo AB,SE,SEK,XSTO,main,GGEO.ST,,10.9041,2015-01-01,listed,,
ESGR-B.ST,ES Group AB,SE,SEK,XSTO,main,ESGR-B.ST,,5.2375,2015-01-01,listed,,
UNIBAP.ST,Unibap Space Solutions AB,SE,SEK,XSTO,main,UNIBAP.ST,,10.0003,2015-01-01,listed,,
IRIS.ST,Irisity AB,SE,SEK,XSTO,main,IRIS.ST,,384.2019,2015-01-01,listed,,
ALZ.ST,Alzinova AB,SE,SEK,XSTO,main,ALZ.ST,,202.6406,2015-01-01,listed,,
CHARGE.ST,ChargePanel AB,SE,SEK,XSTO,main,CHARGE.ST,,42.1055,2015-01-01,listed,,
IDLDX.ST,IDL Diagnostics AB,SE,SEK,XSTO,main,IDLDX.ST,,230.3611,2015-01-01,listed,,
YIELD.ST,SaveLend Group AB,SE,SEK,XSTO,main,YIELD.ST,,57.286,2015-01-01,listed,,
AXOLOT.ST,Axolot Solutions Holding AB,SE,SEK,XSTO,main,AXOLOT.ST,,317.2272,2015-01-01,listed,,
EFFH.ST,Effnetplattformen Holding AB,SE,SEK,XSTO,main,EFFH.ST,,13.5571,2015-01-01,listed,,
CLS-B.ST,Clinical Laserthermia Systems AB,SE,SEK,XSTO,main,CLS-B.ST,,48.5162,2015-01-01,listed,,
BIOVIC-B.ST,Biovica International AB,SE,SEK,XSTO,main,BIOVIC-B.ST,,277.4872,2015-01-01,listed,,
PILA.ST,Pila Pharma AB,SE,SEK,XSTO,main,PILA.ST,,45.6821,2015-01-01,listed,,
CLEM.ST,Clemondo Group AB,SE,SEK,XSTO,main,CLEM.ST,,13.8468,2015-01-01,listed,,
BTC-B.ST,B Treasury Capital AB,SE,SEK,XSTO,main,BTC-B.ST,,0.7873,2015-01-01,listed,,
BAWAT.ST,Bawat Water Technologies AB,SE,SEK,XSTO,main,BAWAT.ST,,88.2661,2015-01-01,listed,,
AMIDO.ST,Amido AB,SE,SEK,XSTO,main,AMIDO.ST,,29.534,2015-01-01,listed,,
KENH.ST,Kentima Holding AB,SE,SEK,XSTO,main,KENH.ST,,28.1621,2015-01-01,listed,,
ACE.ST,Ascelia Pharma AB,SE,SEK,XSTO,main,ACE.ST,,134.569,2015-01-01,listed,,
TRIBO-B.ST,Tribox Group AB,SE,SEK,XSTO,main,TRIBO-B.ST,,315.6923,2015-01-01,listed,,
SPAGO.ST,Spago Nanomedical AB,SE,SEK,XSTO,main,SPAGO.ST,,798.3801,2015-01-01,listed,,
NEEMS-B.ST,Neem's Hill AB,SE,SEK,XSTO,main,NEEMS-B.ST,,23.8023,2015-01-01,listed,,
SOLIDX.ST,SolidX AB,SE,SEK,XSTO,main,SOLIDX.ST,,35.9505,2015-01-01,listed,,
GIGA.ST,Gigasun AB,SE,SEK,XSTO,main,GIGA.ST,,59.803,2015-01-01,listed,,
WEG.ST,Windon Energy Group AB,SE,SEK,XSTO,main,WEG.ST,,172.3452,2015-01-01,listed,,
STRD-B.ST,Suntrade Group AB,SE,SEK,XSTO,main,STRD-B.ST,,1936.4711,2015-01-01,listed,,
FIRST-B.ST,First Venture Sweden AB,SE,SEK,XSTO,main,FIRST-B.ST,,51.5554,2015-01-01,listed,,
SAXG.ST,Saxlund Group AB,SE,SEK,XSTO,main,SAXG.ST,,7.1991,2015-01-01,listed,,
CHECK.ST,Checkin.Com Group AB,SE,SEK,XSTO,main,CHECK.ST,,33.1664,2015-01-01,listed,,
PEXA-B.ST,PExA AB,SE,SEK,XSTO,main,PEXA-B.ST,,205.705,2015-01-01,listed,,
NEWBRY.ST,Newbury Pharmaceuticals AB,SE,SEK,XSTO,main,NEWBRY.ST,,30.3979,2015-01-01,listed,,
ABI.ST,AB Igrene,SE,SEK,XSTO,main,ABI.ST,,156.7584,2015-01-01,listed,,
MODTX.ST,Modus Therapeutics Holding AB,SE,SEK,XSTO,main,MODTX.ST,,168.7018,2015-01-01,listed,,
LEVEL.ST,Nordic LEVEL Group AB (publ.),SE,SEK,XSTO,main,LEVEL.ST,,210.1877,2015-01-01,listed,,
BIBB.ST,BiBBInstruments AB,SE,SEK,XSTO,main,BIBB.ST,,160.9831,2015-01-01,listed,,
FLOWS.ST,Flowscape Technology AB,SE,SEK,XSTO,main,FLOWS.ST,,19.5911,2015-01-01,listed,,
BOMILL.ST,BoMill AB,SE,SEK,XSTO,main,BOMILL.ST,,142.7938,2015-01-01,listed,,
NFGAB.ST,Nordic Flanges Group AB,SE,SEK,XSTO,main,NFGAB.ST,,2.2941,2015-01-01,listed,,
ABAS.ST,ABAS Protect AB,SE,SEK,XSTO,main,ABAS.ST,,7.0648,2015-01-01,listed,,
XPC.ST,XP Chemistries AB,SE,SEK,XSTO,main,XPC.ST,,313.9763,2015-01-01,listed,,
ONCOZ.ST,OncoZenge AB,SE,SEK,XSTO,main,ONCOZ.ST,,16.837,2015-01-01,listed,,
SFL.ST,Safello Group AB,SE,SEK,XSTO,main,SFL.ST,,20.4496,2015-01-01,listed,,
LIGR.ST,Lightning Group AB,SE,SEK,XSTO,main,LIGR.ST,,49.5708,2015-01-01,listed,,
WTG.ST,Wonderful Times Group AB,SE,SEK,XSTO,main,WTG.ST,,4.4032,2015-01-01,listed,,
SPEONE.ST,SpectrumOne AB,SE,SEK,XSTO,main,SPEONE.ST,,414.2209,2015-01-01,listed,,
CHOSA.ST,Chosa Oncology AB,SE,SEK,XSTO,main,CHOSA.ST,,91.441,2015-01-01,listed,,
AIRA.ST,AI Revenue Assistant Software Stockholm AB,SE,SEK,XSTO,main,AIRA.ST,,16.8284,2015-01-01,listed,,
KAV.ST,Katalysen Ventures AB,SE,SEK,XSTO,main,KAV.ST,,12.1345,2015-01-01,listed,,
RAKE.ST,Raketech Group Holding PLC,SE,SEK,XSTO,main,RAKE.ST,,45.2242,2015-01-01,listed,,
BEO-SDB.ST,Beowulf Mining plc,SE,SEK,XSTO,main,BEO-SDB.ST,,64.7037,2015-01-01,listed,,
NEOLA.ST,Neola Medical AB,SE,SEK,XSTO,main,NEOLA.ST,,110.4769,2015-01-01,listed,,
REDS.ST,Redsense Medical AB,SE,SEK,XSTO,main,REDS.ST,,16.4449,2015-01-01,listed,,
IS.ST,Image Systems AB,SE,SEK,XSTO,main,IS.ST,,94.7967,2015-01-01,listed,,
ACOU.ST,AcouSort AB,SE,SEK,XSTO,main,ACOU.ST,,21.1639,2015-01-01,listed,,
GBK.ST,Goodbye Kansas Group AB,SE,SEK,XSTO,main,GBK.ST,,37.4882,2015-01-01,listed,,
GOMERO.ST,Gomero Group AB,SE,SEK,XSTO,main,GOMERO.ST,,3.942,2015-01-01,listed,,
DLAB.ST,Dlaboratory Sweden AB,SE,SEK,XSTO,main,DLAB.ST,,16.945,2015-01-01,listed,,
DPHA.ST,Disruptive Pharma AB,SE,SEK,XSTO,main,DPHA.ST,,44.5881,2015-01-01,listed,,
ERMA.ST,Enorama Pharma AB,SE,SEK,XSTO,main,ERMA.ST,,74.5887,2015-01-01,listed,,
SYNT.ST,SyntheticMR AB,SE,SEK,XSTO,main,SYNT.ST,,89.332,2015-01-01,listed,,
HCRTO1.ST,Hunter Capital RTO 1 AB,SE,SEK,XSTO,main,HCRTO1.ST,,45.405,2015-01-01,listed,,
GPX.ST,Gasporox AB,SE,SEK,XSTO,main,GPX.ST,,9.3532,2015-01-01,listed,,
NITRO.ST,Nitro Games Oyj,SE,SEK,XSTO,main,NITRO.ST,,24.9244,2015-01-01,listed,,
WRV.ST,Webrock Ventures AB,SE,SEK,XSTO,main,WRV.ST,,21.1262,2015-01-01,listed,,
QIIWI.ST,Qiiwi Games AB,SE,SEK,XSTO,main,QIIWI.ST,,9.2495,2015-01-01,listed,,
USWE.ST,Uswe Sports AB,SE,SEK,XSTO,main,USWE.ST,,7.1365,2015-01-01,listed,,
SLOTT-B.ST,Slottsviken Fastighetsaktiebolag,SE,SEK,XSTO,main,SLOTT-B.ST,,1.75,2015-01-01,listed,,
SERV.ST,Servana AB,SE,SEK,XSTO,main,SERV.ST,,8504.9156,2015-01-01,listed,,
COMPDM.ST,Compodium International AB,SE,SEK,XSTO,main,COMPDM.ST,,8.6043,2015-01-01,listed,,
HUNTER.ST,Hunter Capital AB,SE,SEK,XSTO,main,HUNTER.ST,,4.5405,2015-01-01,listed,,
SDOS.ST,ScandiDos AB,SE,SEK,XSTO,main,SDOS.ST,,57.0111,2015-01-01,listed,,
QLIFE.ST,Qlife Holding AB,SE,SEK,XSTO,main,QLIFE.ST,,28.8742,2015-01-01,listed,,
KONT.ST,Kontigo Care AB,SE,SEK,XSTO,main,KONT.ST,,35.2514,2015-01-01,listed,,
RPLAN.ST,Ranplan Group AB,SE,SEK,XSTO,main,RPLAN.ST,,77.1182,2015-01-01,listed,,
BEYOND.ST,Beyond Frames Entertainment AB,SE,SEK,XSTO,main,BEYOND.ST,,18.6354,2015-01-01,listed,,
LARK.ST,Lärkberget AB,SE,SEK,XSTO,main,LARK.ST,,19.8012,2015-01-01,listed,,
ZOOM.ST,Zoomability Int AB,SE,SEK,XSTO,main,ZOOM.ST,,31.4841,2015-01-01,listed,,
TOUCH.ST,Touchtech AB,SE,SEK,XSTO,main,TOUCH.ST,,11.0853,2015-01-01,listed,,
BRILL.ST,Brilliant Future AB,SE,SEK,XSTO,main,BRILL.ST,,13.793,2015-01-01,listed,,
FRAG.ST,Fragbite Group AB,SE,SEK,XSTO,main,FRAG.ST,,8.077,2015-01-01,listed,,
BIOSGN.ST,Biosergen AB,SE,SEK,XSTO,main,BIOSGN.ST,,82.6843,2015-01-01,listed,,
TOURN.ST,Tourn International AB,SE,SEK,XSTO,main,TOURN.ST,,9.7533,2015-01-01,listed,,
FLUI.ST,Fluicell AB,SE,SEK,XSTO,main,FLUI.ST,,1.3737,2015-01-01,listed,,
ORGC.ST,OrganoClick AB,SE,SEK,XSTO,main,ORGC.ST,,183.2191,2015-01-01,listed,,
OURLIV.ST,OurLiving AB,SE,SEK,XSTO,main,OURLIV.ST,,108.1255,2015-01-01,listed,,
GOSOL.ST,Gosol Energy Group AB,SE,SEK,XSTO,main,GOSOL.ST,,84.2752,2015-01-01,listed,,
WYLD.ST,Wyld Networks AB,SE,SEK,XSTO,main,WYLD.ST,,163.7466,2015-01-01,listed,,
SUBGEN.ST,Subgen AI AB,SE,SEK,XSTO,main,SUBGEN.ST,,810.7338,2015-01-01,listed,,
JLT.ST,JLT Mobile Computers AB,SE,SEK,XSTO,main,JLT.ST,,28.712,2015-01-01,listed,,
MONI.ST,Monivent AB,SE,SEK,XSTO,main,MONI.ST,,245.1863,2015-01-01,listed,,
HEXI.ST,Hexicon AB,SE,SEK,XSTO,main,HEXI.ST,,363.8027,2015-01-01,listed,,
LOVI.ST,Lovisagruvan AB,SE,SEK,XSTO,main,LOVI.ST,,3.92,2015-01-01,listed,,
AINO.ST,Aino Health AB,SE,SEK,XSTO,main,AINO.ST,,204.5691,2015-01-01,listed,,
NICO.ST,Nicoccino Holding AB,SE,SEK,XSTO,main,NICO.ST,,30.8462,2015-01-01,listed,,
ZAPLOX.ST,Zaplox AB,SE,SEK,XSTO,main,ZAPLOX.ST,,36.0205,2015-01-01,listed,,
ABSL-B.ST,Absolicon Solar Collector AB,SE,SEK,XSTO,main,ABSL-B.ST,,13.6279,2015-01-01,listed,,
BRIGHT.ST,BrightBid Group AB,SE,SEK,XSTO,main,BRIGHT.ST,,116.2753,2015-01-01,listed,,
LOVE-B.ST,I Love Lund Ab (Publ),SE,SEK,XSTO,main,LOVE-B.ST,,0.4175,2015-01-01,listed,,
COLLAX.ST,Collaxio AB,SE,SEK,XSTO,main,COLLAX.ST,,86.9113,2015-01-01,listed,,
AERO.ST,Svenska Aerogel Holding AB,SE,SEK,XSTO,main,AERO.ST,,49.5011,2015-01-01,listed,,
SONE.ST,Sonetel AB,SE,SEK,XSTO,main,SONE.ST,,7.5714,2015-01-01,listed,,
XOM-B.ST,Xoma AB,SE,SEK,XSTO,main,XOM-B.ST,,59.618,2015-01-01,listed,,
WHITE-B.ST,White Pebbles Ab,SE,SEK,XSTO,main,WHITE-B.ST,,0.1854,2015-01-01,listed,,
ODI.ST,ODI Pharma AB,SE,SEK,XSTO,main,ODI.ST,,18.3304,2015-01-01,listed,,
EASY-B.ST,EasyFill AB (publ.),SE,SEK,XSTO,main,EASY-B.ST,,299.8396,2015-01-01,listed,,
ZENZIP-B.ST,Zenergy AB,SE,SEK,XSTO,main,ZENZIP-B.ST,,618.3646,2015-01-01,listed,,
KAKEL.ST,Kakel Max AB,SE,SEK,XSTO,main,KAKEL.ST,,3.0388,2015-01-01,listed,,
EXPRS2.ST,ExpreS2ion Biotech Holding AB,SE,SEK,XSTO,main,EXPRS2.ST,,23.749,2015-01-01,listed,,
SAFE.ST,Safe at Sea AB,SE,SEK,XSTO,main,SAFE.ST,,27.6169,2015-01-01,listed,,
NOVU.ST,Novus Group International AB,SE,SEK,XSTO,main,NOVU.ST,,10.3722,2015-01-01,listed,,
TENEO.ST,Teneo AI AB,SE,SEK,XSTO,main,TENEO.ST,,739.7164,2015-01-01,listed,,
PCOM-B.ST,Precomp Solutions AB,SE,SEK,XSTO,main,PCOM-B.ST,,22.8025,2015-01-01,listed,,
DIVIO-B.ST,Divio Technologies AB,SE,SEK,XSTO,main,DIVIO-B.ST,,600.1747,2015-01-01,listed,,
VIDH.ST,Vidhance AB,SE,SEK,XSTO,main,VIDH.ST,,4.5788,2015-01-01,listed,,
NATTA.ST,Nattaro Labs AB,SE,SEK,XSTO,main,NATTA.ST,,48.0249,2015-01-01,listed,,
SPERM.ST,Spermosens AB,SE,SEK,XSTO,main,SPERM.ST,,3173.0241,2015-01-01,listed,,
MBBAB.ST,MoveByBike Europe AB,SE,SEK,XSTO,main,MBBAB.ST,,2.7584,2015-01-01,listed,,
SCC-B.ST,Sjöstrand Coffee Int AB (Publ),SE,SEK,XSTO,main,SCC-B.ST,,3.114,2015-01-01,listed,,
XMR.ST,XMReality AB,SE,SEK,XSTO,main,XMR.ST,,1220.4876,2015-01-01,listed,,
FINE.ST,Finepart Sweden AB,SE,SEK,XSTO,main,FINE.ST,,0.6601,2015-01-01,listed,,
VH.ST,Västra Hamnen Corporate Finance AB,SE,SEK,XSTO,main,VH.ST,,1.8,2015-01-01,listed,,
PROGEN.ST,Prostatype Genomics AB,SE,SEK,XSTO,main,PROGEN.ST,,155.5684,2015-01-01,listed,,
MIR.ST,Miris Holding AB,SE,SEK,XSTO,main,MIR.ST,,1.3325,2015-01-01,listed,,
DBP-B.ST,Double Bond Pharmaceutical International AB,SE,SEK,XSTO,main,DBP-B.ST,,221.8497,2015-01-01,listed,,
UMIDA-B.ST,Umida Group AB,SE,SEK,XSTO,main,UMIDA-B.ST,,44.3144,2015-01-01,listed,,
ZENI.ST,Zenicor Medical Systems AB,SE,SEK,XSTO,main,ZENI.ST,,26.2149,2015-01-01,listed,,
NANOC-B.ST,NanoCap Group AB,SE,SEK,XSTO,main,NANOC-B.ST,,5.1898,2015-01-01,listed,,
AERW-B.ST,Aerowash AB,SE,SEK,XSTO,main,AERW-B.ST,,20.5569,2015-01-01,listed,,
VSD-B.ST,Vibrosense Dynamics AB,SE,SEK,XSTO,main,VSD-B.ST,,32.7564,2015-01-01,listed,,
PERP-B.ST,Perpetua Medical AB,SE,SEK,XSTO,main,PERP-B.ST,,8.5568,2015-01-01,listed,,
CIRCHE.ST,CirChem AB,SE,SEK,XSTO,main,CIRCHE.ST,,40.2058,2015-01-01,listed,,
NILS.ST,Nilsson Special Vehicles AB,SE,SEK,XSTO,main,NILS.ST,,4.6932,2015-01-01,listed,,
BIOF.ST,Biofrigas Sweden AB,SE,SEK,XSTO,main,BIOF.ST,,145.8845,2015-01-01,listed,,
PMED.ST,PEPTONIC medical AB,SE,SEK,XSTO,main,PMED.ST,,27580.02,2015-01-01,listed,,
PCAT.ST,Photocat A/S,SE,SEK,XSTO,main,PCAT.ST,,5.995,2015-01-01,listed,,
ATORX.ST,Alligator Bioscience AB,SE,SEK,XSTO,main,ATORX.ST,,924.6146,2015-01-01,listed,,
MOBA.ST,M.O.B.A. Network AB,SE,SEK,XSTO,main,MOBA.ST,,22.6828,2015-01-01,listed,,
ECO-B.ST,EcoRub AB,SE,SEK,XSTO,main,ECO-B.ST,,562.4154,2015-01-01,listed,,
EDYOU.ST,edyoutec AB,SE,SEK,XSTO,main,EDYOU.ST,,91.3228,2015-01-01,listed,,
PREBON.ST,Prebona AB,SE,SEK,XSTO,main,PREBON.ST,,37.0786,2015-01-01,listed,,
IMS.ST,Invent Medic Sweden AB,SE,SEK,XSTO,main,IMS.ST,,181.2812,2015-01-01,listed,,
CI.ST,Cell Impact AB,SE,SEK,XSTO,main,CI.ST,,566.9381,2015-01-01,listed,,
NFO.ST,NFO Drives AB,SE,SEK,XSTO,main,NFO.ST,,3.0619,2015-01-01,listed,,
LCLEAN.ST,LifeClean International AB,SE,SEK,XSTO,main,LCLEAN.ST,,1156.1335,2015-01-01,listed,,
VAXXA.ST,Vaxxa AB,SE,SEK,XSTO,main,VAXXA.ST,,43.3673,2015-01-01,listed,,
MTI.ST,MTI Investment AB,SE,SEK,XSTO,main,MTI.ST,,20.8189,2015-01-01,listed,,
RESP.ST,Respiratorius AB,SE,SEK,XSTO,main,RESP.ST,,7.9027,2015-01-01,listed,,
NORDEN.ST,Norden Estates Ab,SE,SEK,XSTO,main,NORDEN.ST,,43.5812,2015-01-01,listed,,
QCORE.ST,Qlucore AB,SE,SEK,XSTO,main,QCORE.ST,,42.9005,2015-01-01,listed,,
C100.ST,C100 AB,SE,SEK,XSTO,main,C100.ST,,5.5,2015-01-01,listed,,
POLAR.ST,PolarCool AB,SE,SEK,XSTO,main,POLAR.ST,,11.6203,2015-01-01,listed,,
GABA.ST,Gabather AB,SE,SEK,XSTO,main,GABA.ST,,610.4913,2015-01-01,listed,,
SPEC.ST,SpectraCure AB,SE,SEK,XSTO,main,SPEC.ST,,735.4919,2015-01-01,listed,,
QBIM.ST,Qbim Aktiebolag,SE,SEK,XSTO,main,QBIM.ST,,65.6455,2015-01-01,listed,,
GAD.ST,Aktiebolaget Gotland Art & Design,SE,SEK,XSTO,main,GAD.ST,,7.0,2015-01-01,listed,,
CLEMO.ST,Clean Motion AB,SE,SEK,XSTO,main,CLEMO.ST,,206.5705,2015-01-01,listed,,
HEGR.ST,Hedera Group AB,SE,SEK,XSTO,main,HEGR.ST,,34.1696,2015-01-01,listed,,
MAXENT-B.ST,Maximum Entertainment AB,SE,SEK,XSTO,main,MAXENT-B.ST,,49.1102,2015-01-01,listed,,
HCRTO2.ST,Hunter Capital RTO 2 AB,SE,SEK,XSTO,main,HCRTO2.ST,,45.405,2015-01-01,listed,,
HOODIN.ST,Hoodin AB,SE,SEK,XSTO,main,HOODIN.ST,,96.0068,2015-01-01,listed,,
FSPORT.ST,FSport AB,SE,SEK,XSTO,main,FSPORT.ST,,152.8719,2015-01-01,listed,,
PRPORT.ST,Proport Invest AB,SE,SEK,XSTO,main,PRPORT.ST,,6.5199,2015-01-01,listed,,
MANTEX.ST,Mantex AB,SE,SEK,XSTO,main,MANTEX.ST,,2.1696,2015-01-01,listed,,
BLICK.ST,Blick Global Group AB,SE,SEK,XSTO,main,BLICK.ST,,13.8502,2015-01-01,listed,,
ODIN.ST,Odinwell AB,SE,SEK,XSTO,main,ODIN.ST,,75.1734,2015-01-01,listed,,
FRAM-B.ST,Fram Skandinavien AB,SE,SEK,XSTO,main,FRAM-B.ST,,3.5573,2015-01-01,listed,,
NANECH.ST,NanoEcho AB,SE,SEK,XSTO,main,NANECH.ST,,470.2,2015-01-01,listed,,
ARCTIC.ST,Arctic Blue Beverages AB,SE,SEK,XSTO,main,ARCTIC.ST,,78.5943,2015-01-01,listed,,
REALFI.ST,Realfiction Holding AB,SE,SEK,XSTO,main,REALFI.ST,,23.9764,2015-01-01,listed,,
LXB.ST,Luxbright AB,SE,SEK,XSTO,main,LXB.ST,,206.4166,2015-01-01,listed,,
EXALT.ST,Exalt AB,SE,SEK,XSTO,main,EXALT.ST,,54.0474,2015-01-01,listed,,
LANE-B.ST,Lane Capital AB,SE,SEK,XSTO,main,LANE-B.ST,,187.5626,2015-01-01,listed,,
MAGLE.ST,Magle Chemoswed Holding AB,SE,SEK,XSTO,main,MAGLE.ST,,20.6494,2015-01-01,listed,,
ENERS.ST,Enersize Oyj,SE,SEK,XSTO,main,ENERS.ST,,8155.2576,2015-01-01,listed,,
APTA.ST,Aptahem AB,SE,SEK,XSTO,main,APTA.ST,,25.9331,2015-01-01,listed,,
RECY-B.ST,Recyctec Holding AB,SE,SEK,XSTO,main,RECY-B.ST,,210.2968,2015-01-01,listed,,
TESSIN.ST,Tessin Nordic Holding AB,SE,SEK,XSTO,main,TESSIN.ST,,4.7178,2015-01-01,listed,,
INSP.ST,Insplorion AB,SE,SEK,XSTO,main,INSP.ST,,78.8277,2015-01-01,listed,,
UPGRAD.ST,Upgrade Invest Nordic AB,SE,SEK,XSTO,main,UPGRAD.ST,,2.04,2015-01-01,listed,,
ORTIN.ST,Ortelius International AB,SE,SEK,XSTO,main,ORTIN.ST,,155.057,2015-01-01,listed,,
HFRTO-B.ST,HF Reverse (RTO) AB,SE,SEK,XSTO,main,HFRTO-B.ST,,0.8394,2015-01-01,listed,,
FXI.ST,FX International AB,SE,SEK,XSTO,main,FXI.ST,,89.9134,2015-01-01,listed,,
MYBEAT.ST,My Beat AB,SE,SEK,XSTO,main,MYBEAT.ST,,18.3255,2015-01-01,listed,,
ISAB.ST,Inhalation Sciences Sweden AB,SE,SEK,XSTO,main,ISAB.ST,,51.1976,2015-01-01,listed,,
S2M.ST,S2Medical AB,SE,SEK,XSTO,main,S2M.ST,,1211.2334,2015-01-01,listed,,
STHLM.ST,Stockholm Treasury AB,SE,SEK,XSTO,main,STHLM.ST,,32.8288,2015-01-01,listed,,
NIDHOG.ST,Nidhogg Resources Holding AB,SE,SEK,XSTO,main,NIDHOG.ST,,10.2937,2015-01-01,listed,,
SOCIAL.ST,Sociallite US AB,SE,SEK,XSTO,main,SOCIAL.ST,,11.5999,2015-01-01,listed,,
PROVIT.ST,Provide IT Sweden AB,SE,SEK,XSTO,main,PROVIT.ST,,6.6686,2015-01-01,listed,,
EATG.ST,EatGood Sweden AB (Publ),SE,SEK,XSTO,main,EATG.ST,,38.8419,2015-01-01,listed,,
PADEL.ST,Acenta Group AB,SE,SEK,XSTO,main,PADEL.ST,,0.4679,2015-01-01,listed,,
